hour,temp,dwpt,rhum,prcp,snow,wdir,wspd,wpgt,pres,tsun,coco,snowed
2025-01-01 00:00:00,9.0,4.0,71.0,0.0,,50.0,11.0,,1006.0,,3.0,0
2025-01-01 01:00:00,7.0,4.8,86.0,0.0,,27.0,6.0,,1004.0,,3.0,0
2025-01-01 02:00:00,7.0,5.0,87.0,2.2,,60.0,13.0,,1003.0,,9.0,0
2025-01-01 03:00:00,7.0,5.5,90.0,4.3,,60.0,13.0,,1002.0,,9.0,0
2025-01-01 04:00:00,8.0,6.3,89.0,4.7,,80.0,15.0,,1000.0,,9.0,0
2025-01-01 05:00:00,8.0,6.9,93.0,1.3,,59.0,7.0,,999.0,,5.0,0
2025-01-01 06:00:00,7.0,5.9,93.0,0.0,,300.0,6.0,,999.0,,5.0,0
2025-01-01 07:00:00,8.0,6.3,89.0,0.0,,40.0,7.0,,999.0,,5.0,0
2025-01-01 08:00:00,8.0,6.5,90.0,0.0,,220.0,6.0,,999.0,,5.0,0
2025-01-01 09:00:00,9.0,6.8,86.0,0.0,,242.0,9.0,,999.0,,5.0,0
2025-01-01 10:00:00,8.0,5.8,86.0,0.0,,240.0,17.0,,999.0,,3.0,0
2025-01-01 11:00:00,8.0,5.8,86.0,0.0,,269.0,9.0,,999.0,,3.0,0
2025-01-01 12:00:00,8.0,5.3,83.0,0.0,,260.0,13.0,,999.0,,2.0,0
2025-01-01 13:00:00,8.0,5.3,83.0,0.0,,259.0,6.0,,1000.0,,1.0,0
2025-01-01 14:00:00,9.0,5.7,80.0,0.0,,255.0,7.0,,1000.0,,1.0,0
2025-01-01 15:00:00,10.0,5.6,74.0,0.0,,255.0,7.0,,1001.0,,2.0,0
2025-01-01 16:00:00,10.0,3.9,66.0,0.0,,280.0,13.0,,1000.0,,3.0,0
2025-01-01 17:00:00,10.0,3.9,66.0,0.0,,257.0,9.0,,1000.0,,3.0,0
2025-01-01 18:00:00,8.0,0.9,61.0,0.0,,260.0,19.0,,1001.0,,3.0,0
2025-01-01 19:00:00,8.0,1.4,63.0,0.0,,280.0,20.0,,1002.0,,3.0,0
2025-01-01 20:00:00,8.0,0.7,60.0,0.2,,280.0,20.0,,1002.0,,7.0,0
2025-01-01 21:00:00,7.0,0.2,62.0,0.2,,270.0,20.0,,1004.0,,17.0,0
2025-01-01 22:00:00,6.0,-2.4,55.0,0.0,,280.0,22.0,,1005.0,,3.0,0
2025-01-01 23:00:00,6.0,-2.4,55.0,0.0,,280.0,19.0,,1006.0,,2.0,0
2025-01-02 00:00:00,6.0,-3.4,51.0,0.0,,270.0,22.0,,1007.0,,1.0,0
2025-01-02 01:00:00,6.0,-5.6,43.0,0.0,,270.0,15.0,,1008.0,,1.0,0
2025-01-02 02:00:00,5.0,-6.5,43.0,0.0,,280.0,22.0,,1008.0,,1.0,0
2025-01-02 03:00:00,5.0,-5.7,46.0,0.0,,280.0,26.0,,1009.0,,2.0,0
2025-01-02 04:00:00,4.0,-4.7,53.0,0.0,,272.0,11.0,,1009.0,,1.0,0
2025-01-02 05:00:00,4.0,-5.0,52.0,0.0,,280.0,17.0,,1009.0,,1.0,0
2025-01-02 06:00:00,3.0,-4.7,57.0,0.0,,267.0,7.0,,1010.0,,1.0,0
2025-01-02 07:00:00,4.0,-3.7,57.0,0.0,,268.0,7.0,,1010.0,,1.0,0
2025-01-02 08:00:00,4.0,-3.7,57.0,0.0,,250.0,13.0,,1011.0,,1.0,0
2025-01-02 09:00:00,4.0,-3.7,57.0,0.0,,267.0,11.0,,1011.0,,1.0,0
2025-01-02 10:00:00,3.0,-5.9,52.0,0.0,,230.0,19.0,,1012.0,,2.0,0
2025-01-02 11:00:00,3.0,-5.9,52.0,0.0,,250.0,9.0,,1012.0,,1.0,0
2025-01-02 12:00:00,3.0,-6.4,50.0,0.0,,270.0,17.0,,1013.0,,1.0,0
2025-01-02 13:00:00,3.0,-6.4,50.0,0.0,,270.0,17.3,,1014.0,,2.0,0
2025-01-02 14:00:00,4.0,-6.6,46.0,0.0,,270.0,28.0,,1014.0,,1.0,0
2025-01-02 15:00:00,5.0,-6.5,43.0,0.0,,270.0,17.0,,1014.0,,1.0,0
2025-01-02 16:00:00,5.0,-7.2,41.0,0.0,,290.0,26.0,,1014.0,,1.0,0
2025-01-02 17:00:00,4.9,-5.7,46.0,0.0,,287.0,24.1,,1013.2,,3.0,0
2025-01-02 18:00:00,6.0,-7.9,36.0,0.0,,283.0,24.5,,1013.0,,2.0,0
2025-01-02 19:00:00,5.0,-8.8,36.0,0.0,,280.0,19.0,,1013.0,,2.0,0
2025-01-02 20:00:00,4.0,-9.4,37.0,0.0,,280.0,22.0,,1014.0,,2.0,0
2025-01-02 21:00:00,3.0,-9.3,40.0,0.0,,280.0,13.0,,1015.0,,3.0,0
2025-01-02 22:00:00,3.0,-8.7,42.0,0.0,,280.0,17.0,,1015.0,,3.0,0
2025-01-02 23:00:00,3.0,-8.7,42.0,0.0,,290.0,26.0,,1015.0,,3.0,0
2025-01-03 00:00:00,2.0,-8.4,46.0,0.0,,270.0,7.0,,1015.0,,3.0,0
2025-01-03 01:00:00,2.0,-8.7,45.0,0.0,,280.0,11.0,,1015.0,,2.0,0
2025-01-03 02:00:00,1.0,-9.0,47.0,0.0,,266.0,6.0,,1015.0,,3.0,0
2025-01-03 03:00:00,1.0,-9.0,47.0,0.0,,265.0,17.3,,1015.0,,3.0,0
2025-01-03 04:00:00,1.0,-9.0,47.0,0.0,,270.0,19.0,,1015.0,,3.0,0
2025-01-03 05:00:00,1.0,-8.0,51.0,0.0,,270.0,15.0,,1015.0,,2.0,0
2025-01-03 06:00:00,1.0,-9.0,47.0,0.0,,261.0,11.0,,1015.0,,1.0,0
2025-01-03 07:00:00,1.0,-9.3,46.0,0.0,,280.0,19.0,,1016.0,,1.0,0
2025-01-03 08:00:00,1.0,-10.2,43.0,0.0,,280.0,22.0,,1015.0,,1.0,0
2025-01-03 09:00:00,1.0,-10.2,43.0,0.0,,280.0,17.0,,1015.0,,1.0,0
2025-01-03 10:00:00,1.0,-7.5,53.0,0.0,,280.0,17.0,,1015.0,,1.0,0
2025-01-03 11:00:00,1.0,-8.0,51.0,0.0,,270.0,17.0,,1015.0,,1.0,0
2025-01-03 12:00:00,1.0,-8.0,51.0,0.0,,256.0,9.0,,1014.0,,1.0,0
2025-01-03 13:00:00,1.0,-8.2,50.0,0.0,,250.0,12.2,,1015.0,,1.0,0
2025-01-03 14:00:00,2.0,-8.7,45.0,0.0,,236.0,6.0,,1014.0,,1.0,0
2025-01-03 15:00:00,2.0,-10.2,40.0,0.0,,280.0,15.0,,1013.0,,1.0,0
2025-01-03 16:00:00,3.0,-9.3,40.0,0.0,,270.0,17.0,,1012.0,,1.0,0
2025-01-03 17:00:00,3.0,-9.6,39.0,0.0,,265.0,7.0,,1010.0,,2.0,0
2025-01-03 18:00:00,3.0,-8.7,42.0,0.0,,260.0,9.0,,1009.0,,3.0,0
2025-01-03 19:00:00,3.0,-8.7,42.0,0.0,,260.0,9.0,,1009.0,,3.0,0
2025-01-03 20:00:00,3.0,-8.7,42.0,0.0,,240.0,15.0,,1010.0,,3.0,0
2025-01-03 21:00:00,2.0,-9.6,42.0,0.0,,260.0,7.0,,1010.0,,3.0,0
2025-01-03 22:00:00,2.0,-8.1,47.0,0.0,,280.0,13.0,,1010.0,,3.0,0
2025-01-03 23:00:00,2.0,-8.1,47.0,0.0,,285.0,9.0,,1009.0,,3.0,0
2025-01-04 00:00:00,1.0,-6.3,58.0,0.0,,293.0,10.4,,1009.0,,3.0,0
2025-01-04 01:00:00,0.0,-6.6,61.0,0.0,,260.0,7.0,,1009.0,,3.0,0
2025-01-04 02:00:00,0.0,-6.6,61.0,0.0,,280.0,13.0,,1009.0,,2.0,0
2025-01-04 03:00:00,-1.0,-7.6,61.0,0.0,,312.0,12.6,,1009.0,,3.0,0
2025-01-04 04:00:00,-1.0,-8.7,56.0,0.0,,306.0,9.0,,1008.0,,1.0,0
2025-01-04 05:00:00,-1.0,-10.4,49.0,0.0,,297.0,11.0,,1008.0,,1.0,0
2025-01-04 06:00:00,-1.0,-10.9,47.0,0.0,,292.0,11.0,,1008.0,,1.0,0
2025-01-04 07:00:00,-1.0,-10.9,47.0,0.0,,293.0,9.0,,1009.0,,1.0,0
2025-01-04 08:00:00,-1.0,-11.4,45.0,0.0,,290.0,19.0,,1009.0,,3.0,0
2025-01-04 09:00:00,-1.0,-12.0,43.0,0.0,,300.0,19.0,,1010.0,,3.0,0
2025-01-04 10:00:00,-1.0,-12.6,41.0,0.0,,280.0,17.0,,1011.0,,3.0,0
2025-01-04 11:00:00,-1.0,-10.9,47.0,0.0,,296.0,18.4,,1011.0,,3.0,0
2025-01-04 12:00:00,-1.0,-13.2,39.0,0.0,,295.0,18.4,,1011.0,,2.0,0
2025-01-04 13:00:00,-1.0,-14.2,36.0,0.0,,294.0,11.0,,1012.0,,2.0,0
2025-01-04 14:00:00,0.0,-14.0,34.0,0.0,,300.0,13.0,,1012.0,,2.0,0
2025-01-04 15:00:00,0.0,-13.3,36.0,0.0,,290.0,19.0,,1012.0,,2.0,0
2025-01-04 16:00:00,0.0,-14.0,34.0,0.0,,280.0,17.0,,1012.0,,3.0,0
2025-01-04 17:00:00,0.0,-13.3,36.0,0.0,,280.0,24.0,,1011.0,,3.0,0
2025-01-04 18:00:00,0.0,-14.0,34.0,0.0,,300.0,20.0,,1012.0,,3.0,0
2025-01-04 19:00:00,-1.0,-16.0,31.0,0.0,,290.0,19.0,,1012.0,,3.0,0
2025-01-04 20:00:00,-1.0,-16.0,31.0,0.0,,290.0,15.0,,1013.0,,3.0,0
2025-01-04 21:00:00,-1.0,-15.2,33.0,0.0,,280.0,22.0,,1013.0,,3.0,0
2025-01-04 22:00:00,-1.0,-16.0,31.0,0.0,,280.0,19.0,,1014.0,,3.0,0
2025-01-04 23:00:00,-1.0,-16.0,31.0,0.0,,280.0,7.0,,1014.0,,3.0,0
2025-01-05 00:00:00,-1.0,-14.9,34.0,0.0,,270.0,15.0,,1014.0,,3.0,0
2025-01-05 01:00:00,-1.0,-14.9,34.0,0.0,,290.0,20.0,,1015.0,,2.0,0
2025-01-05 02:00:00,-2.0,-14.7,37.0,0.0,,280.0,19.0,,1015.0,,1.0,0
2025-01-05 03:00:00,-2.0,-14.7,37.0,0.0,,290.0,19.0,,1016.0,,1.0,0
2025-01-05 04:00:00,-2.0,-14.1,39.0,0.0,,260.0,11.0,,1016.0,,1.0,0
2025-01-05 05:00:00,-2.0,-13.2,42.0,0.0,,262.0,11.0,,1016.0,,1.0,0
2025-01-05 06:00:00,-2.0,-13.2,42.0,0.0,,262.0,9.0,,1016.0,,1.0,0
2025-01-05 07:00:00,-2.0,-12.1,46.0,0.0,,272.0,15.1,,1016.0,,2.0,0
2025-01-05 08:00:00,-2.0,-12.6,44.0,0.0,,273.0,11.0,,1016.0,,2.0,0
2025-01-05 09:00:00,-2.0,-12.1,46.0,0.0,,274.0,6.0,,1016.0,,1.0,0
2025-01-05 10:00:00,-2.0,-11.5,48.0,0.0,,260.0,15.0,,1016.0,,1.0,0
2025-01-05 11:00:00,-2.0,-11.5,48.0,0.0,,270.0,19.0,,1017.0,,2.0,0
2025-01-05 12:00:00,-2.0,-12.1,46.0,0.0,,260.0,13.0,,1017.0,,3.0,0
2025-01-05 13:00:00,-2.0,-12.1,46.0,0.0,,262.0,7.0,,1017.0,,3.0,0
2025-01-05 14:00:00,-2.0,-12.1,46.0,0.0,,240.0,15.0,,1018.0,,3.0,0
2025-01-05 15:00:00,-1.0,-11.7,44.0,0.0,,280.0,17.0,,1017.0,,3.0,0
2025-01-05 16:00:00,-1.0,-11.7,44.0,0.0,,280.0,15.0,,1017.0,,3.0,0
2025-01-05 17:00:00,-1.0,-12.6,41.0,0.0,,270.0,22.0,,1016.0,,3.0,0
2025-01-05 18:00:00,1.0,-11.7,38.0,0.0,,300.0,13.0,,1016.0,,3.0,0
2025-01-05 19:00:00,0.0,-12.3,39.0,0.0,,310.0,20.0,,1017.0,,3.0,0
2025-01-05 20:00:00,0.0,-12.6,38.0,0.0,,310.0,24.0,,1017.0,,3.0,0
2025-01-05 21:00:00,-1.0,-12.6,41.0,0.0,,299.0,9.0,,1018.0,,1.0,0
2025-01-05 22:00:00,-1.0,-12.6,41.0,0.0,,295.0,9.0,,1018.0,,2.0,0
2025-01-05 23:00:00,-1.0,-11.7,44.0,0.0,,289.0,13.7,,1018.0,,1.0,0
2025-01-06 00:00:00,-1.0,-11.7,44.0,0.0,,280.0,15.0,,1018.0,,3.0,1
2025-01-06 01:00:00,-1.0,-10.9,47.0,0.0,,289.0,13.7,,1018.0,,3.0,1
2025-01-06 02:00:00,-1.0,-10.4,49.0,0.0,,270.0,13.0,,1018.0,,3.0,1
2025-01-06 03:00:00,-1.0,-9.8,51.0,0.0,,278.0,12.2,,1018.0,,3.0,1
2025-01-06 04:00:00,-2.0,-10.3,53.0,0.0,,285.0,10.1,,1018.0,,3.0,1
2025-01-06 05:00:00,-2.0,-10.3,53.0,0.0,,260.0,9.0,,1018.0,,3.0,1
2025-01-06 06:00:00,-2.0,-9.8,55.0,0.0,,261.0,6.0,,1018.0,,3.0,1
2025-01-06 07:00:00,-2.0,-10.3,53.0,0.0,,240.0,7.0,,1018.0,,3.0,1
2025-01-06 08:00:00,-2.0,-9.6,56.0,0.0,,269.0,6.0,,1016.0,,3.0,1
2025-01-06 09:00:00,-2.0,-9.6,56.0,0.0,,276.0,6.1,,1016.0,,3.0,1
2025-01-06 10:00:00,-1.0,-8.9,55.0,0.0,,310.0,6.0,,1016.0,,3.0,1
2025-01-06 11:00:00,-1.0,-8.9,55.0,0.0,,233.0,4.3,,1015.0,,3.0,1
2025-01-06 12:00:00,-1.0,-8.2,58.0,0.0,,270.0,6.0,,1014.0,,3.0,1
2025-01-06 13:00:00,-1.0,-8.2,58.0,0.0,,300.0,6.0,,1014.0,,3.0,1
2025-01-06 14:00:00,-1.0,-8.2,58.0,0.0,,316.0,0.7,,1013.0,,3.0,1
2025-01-06 15:00:00,-2.0,-6.9,69.0,0.1,,21.0,4.0,,1013.0,,14.0,1
2025-01-06 16:00:00,-2.0,-4.7,82.0,0.2,,51.0,4.3,,1012.0,,14.0,1
2025-01-06 17:00:00,-2.0,-5.3,78.0,0.4,,67.0,2.9,,1010.0,,15.0,1
2025-01-06 18:00:00,-2.0,-4.7,82.0,0.3,,30.0,9.0,,1008.0,,15.0,1
2025-01-06 19:00:00,-2.0,-5.3,78.0,0.0,,13.0,6.0,,1008.0,,3.0,1
2025-01-06 20:00:00,-1.0,-5.4,72.0,0.0,,350.0,13.0,,1006.0,,3.0,1
2025-01-06 21:00:00,-1.0,-6.0,69.0,0.0,,20.0,13.0,,1006.0,,3.0,1
2025-01-06 22:00:00,-2.0,-6.9,69.0,0.0,,10.0,15.0,,1005.0,,2.0,1
2025-01-06 23:00:00,-2.0,-6.5,71.0,0.0,,330.0,15.0,,1004.0,,3.0,1
2025-01-07 00:00:00,-3.0,-7.3,72.0,0.0,,360.0,17.0,,1004.0,,3.0,1
2025-01-07 01:00:00,-4.0,-9.0,68.0,0.0,,360.0,13.0,,1004.0,,3.0,1
2025-01-07 02:00:00,-4.0,-10.6,60.0,0.0,,353.0,9.0,,1005.0,,3.0,1
2025-01-07 03:00:00,-5.0,-11.8,59.0,0.0,,343.0,7.0,,1006.0,,3.0,1
2025-01-07 04:00:00,-6.0,-14.2,52.0,0.0,,328.0,11.0,,1007.0,,3.0,1
2025-01-07 05:00:00,-7.0,-15.4,51.0,0.0,,310.0,20.0,,1008.0,,3.0,1
2025-01-07 06:00:00,-7.0,-14.7,54.0,0.0,,300.0,17.0,,1008.0,,3.0,1
2025-01-07 07:00:00,-7.0,-14.7,54.0,0.0,,300.0,20.0,,1008.0,,3.0,1
2025-01-07 08:00:00,-6.0,-14.2,52.0,0.0,,300.0,22.0,,1008.0,,3.0,1
2025-01-07 09:00:00,-6.0,-14.2,52.0,0.0,,300.0,26.0,,1008.0,,1.0,1
2025-01-07 10:00:00,-6.0,-13.6,55.0,0.0,,300.0,17.0,,1009.0,,3.0,1
2025-01-07 11:00:00,-6.0,-14.2,52.0,0.0,,300.0,17.0,,1009.0,,2.0,1
2025-01-07 12:00:00,-5.0,-13.8,50.0,0.0,,305.0,11.0,,1010.0,,3.0,1
2025-01-07 13:00:00,-4.0,-13.4,48.0,0.0,,290.0,22.0,,1010.0,,2.0,1
2025-01-07 14:00:00,-4.0,-13.9,46.0,0.0,,280.0,19.0,,1010.0,,3.0,1
2025-01-07 15:00:00,-3.0,-13.5,44.0,0.0,,290.0,24.0,,1010.0,,3.0,1
2025-01-07 16:00:00,-2.0,-12.9,43.0,0.0,,280.0,17.0,,1009.0,,3.0,1
2025-01-07 17:00:00,-1.0,-12.0,43.0,0.0,,310.0,20.0,,1009.0,,3.0,1
2025-01-07 18:00:00,0.0,-12.3,39.0,0.0,,310.0,22.0,,1009.0,,3.0,1
2025-01-07 19:00:00,0.0,-11.7,41.0,0.0,,300.0,20.0,,1009.0,,3.0,1
2025-01-07 20:00:00,0.0,-12.3,39.0,0.0,,310.0,20.0,,1011.0,,3.0,1
2025-01-07 21:00:00,-1.0,-12.0,43.0,0.0,,290.0,24.0,,1012.0,,3.0,1
2025-01-07 22:00:00,-2.0,-12.9,43.0,0.0,,290.0,24.0,,1014.0,,3.0,1
2025-01-07 23:00:00,-2.0,-12.1,46.0,0.0,,290.0,17.0,,1014.0,,3.0,1
2025-01-08 00:00:00,-3.0,-13.0,46.0,0.0,,310.0,22.0,,1015.0,,3.0,1
2025-01-08 01:00:00,-3.0,-13.0,46.0,0.0,,300.0,24.0,,1015.0,,3.0,1
2025-01-08 02:00:00,-3.0,-12.5,48.0,0.0,,300.0,24.0,,1015.0,,3.0,1
2025-01-08 03:00:00,-3.0,-12.5,48.0,0.0,,300.0,22.0,,1016.0,,3.0,1
2025-01-08 04:00:00,-3.0,-13.0,46.0,0.0,,300.0,22.0,,1015.0,,3.0,1
2025-01-08 05:00:00,-3.0,-13.5,44.0,0.0,,304.0,9.0,,1015.0,,3.0,1
2025-01-08 06:00:00,-3.0,-14.1,42.0,0.0,,280.0,20.0,,1015.0,,3.0,1
2025-01-08 07:00:00,-3.0,-13.5,44.0,0.0,,280.0,15.0,,1016.0,,2.0,1
2025-01-08 08:00:00,-3.0,-13.5,44.0,0.0,,290.0,17.0,,1015.0,,3.0,1
2025-01-08 09:00:00,-4.0,-14.4,44.0,0.0,,299.0,11.0,,1015.0,,3.0,1
2025-01-08 10:00:00,-4.0,-15.0,42.0,0.0,,310.0,26.0,,1015.0,,3.0,1
2025-01-08 11:00:00,-4.0,-14.7,43.0,0.0,,300.0,19.0,,1016.0,,3.0,1
2025-01-08 12:00:00,-4.0,-15.3,41.0,0.0,,310.0,22.0,,1016.0,,3.0,1
2025-01-08 13:00:00,-4.0,-15.3,41.0,0.0,,290.0,17.0,,1016.0,,2.0,1
2025-01-08 14:00:00,-3.0,-14.1,42.0,0.0,,300.0,25.6,,1015.0,,1.0,1
2025-01-08 15:00:00,-3.0,-15.0,39.0,0.0,,304.0,28.1,,1014.0,,1.0,1
2025-01-08 16:00:00,-3.0,-15.6,37.0,0.0,,300.0,26.0,,1013.0,,3.0,1
2025-01-08 17:00:00,-2.0,-16.5,32.0,0.0,,300.0,20.0,,1012.0,,3.0,1
2025-01-08 18:00:00,-2.0,-16.9,31.0,0.0,,290.0,20.0,,1011.0,,3.0,1
2025-01-08 19:00:00,-2.0,-16.5,32.0,0.0,,290.0,20.0,,1010.0,,3.0,1
2025-01-08 20:00:00,-3.0,-16.3,35.0,0.0,,270.0,19.0,,1011.0,,3.0,1
2025-01-08 21:00:00,-3.0,-15.6,37.0,0.0,,290.0,32.0,,1011.0,,1.0,1
2025-01-08 22:00:00,-4.0,-16.2,38.0,0.0,,290.0,15.0,,1011.0,,2.0,1
2025-01-08 23:00:00,-5.0,-15.9,42.0,0.0,,270.0,9.0,,1011.0,,2.0,1
2025-01-09 00:00:00,-5.0,-15.6,43.0,0.0,,280.0,19.0,,1011.0,,2.0,0
2025-01-09 01:00:00,-5.0,-15.1,45.0,0.0,,295.0,22.3,,1010.0,,2.0,0
2025-01-09 02:00:00,-5.0,-15.1,45.0,0.0,,297.0,23.4,,1010.0,,3.0,0
2025-01-09 03:00:00,-5.0,-15.6,43.0,0.0,,290.0,26.0,,1009.0,,3.0,0
2025-01-09 04:00:00,-5.0,-15.1,45.0,0.0,,280.0,19.0,,1009.0,,3.0,0
2025-01-09 05:00:00,-6.0,-15.2,48.0,0.0,,290.0,15.0,,1008.0,,3.0,0
2025-01-09 06:00:00,-5.0,-15.1,45.0,0.0,,280.0,19.0,,1008.0,,3.0,0
2025-01-09 07:00:00,-4.0,-14.7,43.0,0.0,,300.0,7.0,,1007.0,,3.0,0
2025-01-09 08:00:00,-4.0,-14.7,43.0,0.0,,300.0,20.0,,1007.0,,3.0,0
2025-01-09 09:00:00,-5.0,-15.1,45.0,0.0,,300.0,28.0,,1006.0,,3.0,0
2025-01-09 10:00:00,-5.0,-14.3,48.0,0.0,,308.0,24.8,,1007.0,,3.0,0
2025-01-09 11:00:00,-5.0,-14.3,48.0,0.0,,309.0,6.0,,1007.0,,3.0,0
2025-01-09 12:00:00,-5.0,-14.3,48.0,0.0,,309.0,22.7,,1008.0,,3.0,0
2025-01-09 13:00:00,-4.0,-13.9,46.0,0.0,,300.0,17.0,,1008.0,,3.0,0
2025-01-09 14:00:00,-3.0,-13.5,44.0,0.0,,280.0,13.0,,1008.0,,2.0,0
2025-01-09 15:00:00,-2.0,-13.2,42.0,0.0,,308.0,25.9,,1008.0,,2.0,0
2025-01-09 16:00:00,-2.0,-12.9,43.0,0.0,,290.0,15.0,,1007.0,,3.0,0
2025-01-09 17:00:00,-1.0,-12.6,41.0,0.0,,290.0,20.0,,1007.0,,3.0,0
2025-01-09 18:00:00,0.0,-11.7,41.0,0.0,,300.0,20.0,,1006.0,,2.0,0
2025-01-09 19:00:00,1.0,-11.4,39.0,0.0,,300.0,24.0,,1008.0,,1.0,0
2025-01-09 20:00:00,0.0,-11.1,43.0,0.0,,300.0,26.0,,1009.0,,3.0,0
2025-01-09 21:00:00,-1.0,-10.9,47.0,0.0,,290.0,24.0,,1009.0,,2.0,0
2025-01-09 22:00:00,-2.0,-10.8,51.0,0.0,,300.0,39.0,,1010.0,,2.0,0
2025-01-09 23:00:00,-2.0,-10.8,51.0,0.0,,300.0,26.0,,1010.0,,3.0,0
2025-01-10 00:00:00,-2.0,-10.3,53.0,0.0,,300.0,24.0,,1011.0,,3.0,0
2025-01-10 01:00:00,-2.0,-9.8,55.0,0.0,,300.0,22.0,,1012.0,,3.0,0
2025-01-10 02:00:00,-2.0,-9.8,55.0,0.0,,310.0,28.0,,1012.0,,2.0,0
2025-01-10 03:00:00,-2.0,-10.3,53.0,0.0,,300.0,24.0,,1012.0,,3.0,0
2025-01-10 04:00:00,-2.0,-9.8,55.0,0.0,,290.0,20.0,,1013.0,,2.0,0
2025-01-10 05:00:00,-2.0,-9.8,55.0,0.0,,300.0,19.0,,1013.0,,2.0,0
2025-01-10 06:00:00,-2.0,-9.8,55.0,0.0,,300.0,22.0,,1013.0,,2.0,0
2025-01-10 07:00:00,-2.0,-9.8,55.0,0.0,,300.0,20.0,,1014.0,,2.0,0
2025-01-10 08:00:00,-3.0,-10.1,58.0,0.0,,300.0,19.0,,1013.0,,2.0,0
2025-01-10 09:00:00,-3.0,-10.8,55.0,0.0,,300.0,20.0,,1013.0,,2.0,0
2025-01-10 10:00:00,-3.0,-10.8,55.0,0.0,,300.0,13.0,,1015.0,,1.0,0
2025-01-10 11:00:00,-2.0,-10.3,53.0,0.0,,300.0,22.0,,1015.0,,1.0,0
2025-01-10 12:00:00,-2.0,-10.3,53.0,0.0,,270.0,13.0,,1015.0,,2.0,0
2025-01-10 13:00:00,-1.0,-10.4,49.0,0.0,,300.0,26.0,,1015.0,,2.0,0
2025-01-10 14:00:00,-1.0,-10.9,47.0,0.0,,314.0,11.0,,1016.0,,2.0,0
2025-01-10 15:00:00,1.0,-10.2,43.0,0.0,,320.0,13.0,,1015.0,,3.0,0
2025-01-10 16:00:00,2.0,-10.2,40.0,0.0,,314.0,10.4,,1014.0,,3.0,0
2025-01-10 17:00:00,3.0,-10.3,37.0,0.0,,270.0,9.0,,1013.0,,3.0,0
2025-01-10 18:00:00,4.0,-10.4,34.0,0.0,,300.0,13.0,,1012.0,,2.0,0
2025-01-10 19:00:00,4.0,-9.7,36.0,0.0,,270.0,11.0,,1013.0,,3.0,0
2025-01-10 20:00:00,3.0,-10.3,37.0,0.0,,270.0,11.0,,1013.0,,3.0,0
2025-01-10 21:00:00,3.0,-9.9,38.0,0.0,,300.0,7.0,,1012.0,,3.0,0
2025-01-10 22:00:00,2.0,-10.2,40.0,0.0,,270.0,15.0,,1012.0,,3.0,0
2025-01-10 23:00:00,2.0,-9.6,42.0,0.0,,270.0,7.0,,1011.0,,3.0,0
2025-01-11 00:00:00,2.0,-9.6,42.0,0.0,,290.0,6.0,,1010.0,,3.0,1
2025-01-11 01:00:00,2.0,-9.0,44.0,0.0,,280.0,9.0,,1010.0,,3.0,1
2025-01-11 02:00:00,2.0,-9.0,44.0,0.0,,326.0,6.0,,1009.0,,3.0,1
2025-01-11 03:00:00,2.0,-9.0,44.0,0.0,,320.0,6.0,,1008.0,,3.0,1
2025-01-11 04:00:00,2.0,-9.0,44.0,0.0,,329.0,4.3,,1007.0,,3.0,1
2025-01-11 05:00:00,1.0,-9.3,46.0,0.2,,290.0,7.0,,1007.0,,14.0,1
2025-01-11 06:00:00,1.0,-9.0,47.0,0.0,,232.0,3.6,,1006.0,,3.0,1
2025-01-11 07:00:00,1.0,-9.0,47.0,0.0,,220.0,7.0,,1004.0,,3.0,1
2025-01-11 08:00:00,0.0,-7.3,58.0,0.4,,230.0,11.0,,1004.0,,15.0,1
2025-01-11 09:00:00,-1.0,-7.1,63.0,0.0,,208.0,11.0,,1004.0,,3.0,1
2025-01-11 10:00:00,-2.0,-4.8,81.0,0.6,,280.0,9.0,,1002.0,,15.0,1
2025-01-11 11:00:00,-2.0,-4.8,81.0,0.4,,280.0,6.0,,1001.0,,15.0,1
2025-01-11 12:00:00,-2.0,-5.3,78.0,0.1,,232.0,6.0,,1001.0,,14.0,1
2025-01-11 13:00:00,-2.0,-5.3,78.0,0.0,,268.0,6.0,,1000.0,,3.0,1
2025-01-11 14:00:00,-2.0,-5.3,78.0,0.0,,283.0,5.4,,1000.0,,3.0,1
2025-01-11 15:00:00,-1.0,-6.0,69.0,0.0,,310.0,15.0,,1000.0,,3.0,1
2025-01-11 16:00:00,-1.0,-5.4,72.0,0.0,,300.0,15.0,,999.0,,3.0,1
2025-01-11 17:00:00,1.0,-5.2,63.0,0.0,,290.0,11.0,,998.0,,3.0,1
2025-01-11 18:00:00,1.0,-6.1,59.0,0.0,,324.0,13.7,,998.0,,3.0,1
2025-01-11 19:00:00,2.0,-5.8,56.0,0.0,,300.0,9.0,,999.0,,3.0,1
2025-01-11 20:00:00,2.0,-6.8,52.0,0.0,,300.0,15.0,,1000.0,,3.0,1
2025-01-11 21:00:00,2.0,-7.6,49.0,0.0,,310.0,22.0,,1002.0,,3.0,1
2025-01-11 22:00:00,1.0,-8.0,51.0,0.0,,300.0,20.0,,1004.0,,3.0,1
2025-01-11 23:00:00,0.0,-8.2,54.0,0.0,,290.0,20.0,,1005.0,,3.0,1
2025-01-12 00:00:00,0.0,-9.4,49.0,0.0,,290.0,20.0,,1006.0,,2.0,0
2025-01-12 01:00:00,-1.0,-9.8,51.0,0.0,,310.0,19.0,,1008.0,,1.0,0
2025-01-12 02:00:00,-1.0,-9.8,51.0,0.0,,300.0,20.0,,1008.0,,3.0,0
2025-01-12 03:00:00,-1.0,-9.1,54.0,0.0,,300.0,15.0,,1009.0,,1.0,0
2025-01-12 04:00:00,-1.0,-9.1,54.0,0.0,,322.0,9.0,,1009.0,,2.0,0
2025-01-12 05:00:00,-1.0,-8.7,56.0,0.0,,300.0,13.0,,1010.0,,3.0,0
2025-01-12 06:00:00,-1.0,-7.6,61.0,0.0,,300.0,17.0,,1011.0,,2.0,0
2025-01-12 07:00:00,-1.0,-7.1,63.0,0.0,,323.0,7.0,,1012.0,,3.0,0
2025-01-12 08:00:00,0.0,-6.6,61.0,0.0,,300.0,22.0,,1012.0,,3.0,0
2025-01-12 09:00:00,1.0,-5.7,61.0,0.0,,270.0,15.0,,1014.0,,2.0,0
2025-01-12 10:00:00,1.0,-6.8,56.0,0.0,,300.0,9.0,,1014.0,,2.0,0
2025-01-12 11:00:00,0.0,-7.7,56.0,0.0,,321.0,11.9,,1014.0,,3.0,0
2025-01-12 12:00:00,0.0,-7.7,56.0,0.0,,300.0,9.0,,1015.0,,1.0,0
2025-01-12 13:00:00,1.0,-6.8,56.0,0.0,,305.0,6.0,,1016.0,,1.0,0
2025-01-12 14:00:00,2.0,-6.8,52.0,0.0,,322.0,11.0,,1017.0,,1.0,0
2025-01-12 15:00:00,3.0,-6.4,50.0,0.0,,314.0,7.0,,1017.0,,1.0,0
2025-01-12 16:00:00,4.0,-7.1,44.0,0.0,,301.0,6.0,,1016.0,,1.0,0
2025-01-12 17:00:00,5.0,-6.5,43.0,0.0,,317.0,9.0,,1016.0,,1.0,0
2025-01-12 18:00:00,5.0,-6.5,43.0,0.0,,300.0,6.0,,1016.0,,3.0,0
2025-01-12 19:00:00,5.0,-6.5,43.0,0.0,,289.0,9.7,,1016.0,,3.0,0
2025-01-12 20:00:00,4.0,-7.1,44.0,0.0,,288.0,9.4,,1016.0,,3.0,0
2025-01-12 21:00:00,4.0,-6.6,46.0,0.0,,290.0,5.0,,1017.0,,3.0,0
2025-01-12 22:00:00,4.0,-6.6,46.0,0.0,,278.0,6.0,,1018.0,,1.0,0
2025-01-12 23:00:00,4.0,-6.6,46.0,0.0,,310.0,9.0,,1018.0,,1.0,0
2025-01-13 00:00:00,4.0,-7.1,44.0,0.0,,323.0,5.0,,1018.0,,1.0,0
2025-01-13 01:00:00,3.0,-6.9,48.0,0.0,,309.0,4.7,,1018.0,,1.0,0
2025-01-13 02:00:00,4.0,-7.1,44.0,0.0,,288.0,4.7,,1018.0,,2.0,0
2025-01-13 03:00:00,3.0,-6.4,50.0,0.0,,240.0,9.0,,1018.0,,2.0,0
2025-01-13 04:00:00,3.0,-6.9,48.0,0.0,,209.0,7.0,,1018.0,,3.0,0
2025-01-13 05:00:00,3.0,-6.4,50.0,0.0,,220.0,6.1,,1017.0,,3.0,0
2025-01-13 06:00:00,3.0,-6.9,48.0,0.0,,270.0,7.0,,1017.0,,3.0,0
2025-01-13 07:00:00,2.0,-7.3,50.0,0.0,,223.0,6.1,,1017.0,,3.0,0
2025-01-13 08:00:00,2.0,-7.9,48.0,0.0,,225.0,6.0,,1017.0,,3.0,0
2025-01-13 09:00:00,2.0,-7.3,50.0,0.0,,220.0,7.0,,1016.0,,3.0,0
2025-01-13 10:00:00,2.0,-6.8,52.0,0.0,,215.0,11.0,,1016.0,,3.0,0
2025-01-13 11:00:00,2.0,-6.8,52.0,0.0,,222.0,8.3,,1016.0,,1.0,0
2025-01-13 12:00:00,1.0,-7.3,54.0,0.0,,231.0,9.0,,1016.0,,1.0,0
2025-01-13 13:00:00,2.0,-6.3,54.0,0.0,,230.0,15.0,,1016.0,,1.0,0
2025-01-13 14:00:00,2.0,-7.3,50.0,0.0,,240.0,15.0,,1016.0,,1.0,0
2025-01-13 15:00:00,3.0,-6.9,48.0,0.0,,250.0,13.0,,1015.0,,3.0,0
2025-01-13 16:00:00,3.0,-6.9,48.0,0.0,,230.0,13.0,,1014.0,,3.0,0
2025-01-13 17:00:00,4.0,-7.1,44.0,0.0,,211.0,9.4,,1013.0,,3.0,0
2025-01-13 18:00:00,4.0,-6.6,46.0,0.0,,240.0,19.0,,1013.0,,2.0,0
2025-01-13 19:00:00,5.0,-5.9,45.0,0.0,,230.0,13.0,,1012.0,,1.0,0
2025-01-13 20:00:00,6.0,-6.3,41.0,0.0,,255.0,15.5,,1012.0,,3.0,0
2025-01-13 21:00:00,5.0,-6.5,43.0,0.0,,258.0,17.3,,1013.0,,3.0,0
2025-01-13 22:00:00,4.0,-7.1,44.0,0.0,,268.0,6.0,,1013.0,,2.0,0
2025-01-13 23:00:00,4.0,-6.6,46.0,0.0,,266.0,12.2,,1014.0,,1.0,0
2025-01-14 00:00:00,4.0,-6.0,48.0,0.0,,262.0,7.0,,1014.0,,1.0,0
2025-01-14 01:00:00,3.0,-6.4,50.0,0.0,,270.0,7.0,,1014.0,,1.0,0
2025-01-14 02:00:00,3.0,-8.1,44.0,0.0,,265.0,11.0,,1014.0,,1.0,0
2025-01-14 03:00:00,3.0,-8.7,42.0,0.0,,270.0,17.0,,1014.0,,1.0,0
2025-01-14 04:00:00,2.0,-8.7,45.0,0.0,,300.0,15.0,,1014.0,,1.0,0
2025-01-14 05:00:00,1.0,-9.6,45.0,0.0,,278.0,9.0,,1014.0,,1.0,0
2025-01-14 06:00:00,0.0,-9.4,49.0,0.0,,277.0,12.2,,1015.0,,1.0,0
2025-01-14 07:00:00,-1.0,-10.4,49.0,0.0,,279.0,9.0,,1015.0,,1.0,0
2025-01-14 08:00:00,-1.0,-9.8,51.0,0.0,,280.0,13.0,,1015.0,,1.0,0
2025-01-14 09:00:00,-1.0,-9.8,51.0,0.0,,230.0,6.0,,1015.0,,1.0,0
2025-01-14 10:00:00,-1.0,-11.7,44.0,0.0,,298.0,6.0,,1016.0,,1.0,0
2025-01-14 11:00:00,-2.0,-14.7,37.0,0.0,,280.0,13.0,,1017.0,,1.0,0
2025-01-14 12:00:00,-2.0,-14.1,39.0,0.0,,300.0,19.0,,1017.0,,1.0,0
2025-01-14 13:00:00,-2.0,-14.1,39.0,0.0,,280.0,15.0,,1018.0,,1.0,0
2025-01-14 14:00:00,-2.0,-15.1,36.0,0.0,,280.0,22.0,,1018.0,,1.0,0
2025-01-14 15:00:00,-1.0,-14.9,34.0,0.0,,280.0,22.0,,1018.0,,1.0,0
2025-01-14 16:00:00,-1.0,-16.0,31.0,0.0,,299.0,9.0,,1017.0,,2.0,0
2025-01-14 17:00:00,0.0,-15.1,31.0,0.0,,294.0,11.0,,1016.0,,2.0,0
2025-01-14 18:00:00,0.0,-15.5,30.0,0.0,,288.0,11.0,,1016.0,,3.0,0
2025-01-14 19:00:00,0.0,-15.5,30.0,0.0,,290.0,17.0,,1015.0,,3.0,0
2025-01-14 20:00:00,0.0,-15.1,31.0,0.0,,290.0,15.0,,1016.0,,3.0,0
2025-01-14 21:00:00,-1.0,-14.9,34.0,0.0,,289.0,9.0,,1016.0,,3.0,0
2025-01-14 22:00:00,-1.0,-14.9,34.0,0.0,,280.0,19.0,,1016.0,,1.0,0
2025-01-14 23:00:00,-1.0,-14.2,36.0,0.0,,270.0,17.0,,1016.0,,3.0,0
2025-01-15 00:00:00,-2.0,-14.1,39.0,0.0,,274.0,13.3,,1017.0,,3.0,0
2025-01-15 01:00:00,-2.0,-13.8,40.0,0.0,,275.0,7.0,,1017.0,,3.0,0
2025-01-15 02:00:00,-2.0,-13.2,42.0,0.0,,273.0,14.0,,1017.0,,2.0,0
2025-01-15 03:00:00,-3.0,-13.5,44.0,0.0,,310.0,17.0,,1018.0,,3.0,0
2025-01-15 04:00:00,-4.0,-14.4,44.0,0.0,,270.0,19.0,,1018.0,,3.0,0
2025-01-15 05:00:00,-4.0,-14.7,43.0,0.0,,280.0,15.5,,1018.0,,1.0,0
2025-01-15 06:00:00,-4.0,-14.7,43.0,0.0,,288.0,11.0,,1018.0,,1.0,0
2025-01-15 07:00:00,-5.0,-15.1,45.0,0.0,,280.0,13.0,,1018.0,,3.0,0
2025-01-15 08:00:00,-5.0,-15.1,45.0,0.0,,280.0,19.0,,1019.0,,2.0,0
2025-01-15 09:00:00,-5.0,-14.3,48.0,0.0,,280.0,22.0,,1020.0,,1.0,0
2025-01-15 10:00:00,-5.0,-13.8,50.0,0.0,,297.0,11.0,,1020.0,,1.0,0
2025-01-15 11:00:00,-5.0,-13.3,52.0,0.0,,270.0,13.0,,1020.0,,2.0,0
2025-01-15 12:00:00,-4.0,-12.4,52.0,0.0,,304.0,16.6,,1021.0,,3.0,0
2025-01-15 13:00:00,-4.0,-12.9,50.0,0.0,,300.0,15.0,,1022.0,,3.0,0
2025-01-15 14:00:00,-3.0,-14.1,42.0,0.0,,310.0,20.0,,1022.0,,2.0,0
2025-01-15 15:00:00,-2.0,-14.1,39.0,0.0,,317.0,11.0,,1022.0,,3.0,0
2025-01-15 16:00:00,-1.0,-14.2,36.0,0.0,,300.0,13.0,,1022.0,,3.0,0
2025-01-15 17:00:00,-1.0,-14.2,36.0,0.0,,311.0,11.0,,1020.0,,3.0,0
2025-01-15 18:00:00,-1.0,-14.2,36.0,0.0,,280.0,15.0,,1020.0,,3.0,0
2025-01-15 19:00:00,-1.0,-14.2,36.0,0.0,,300.0,13.0,,1020.0,,3.0,0
2025-01-15 20:00:00,-1.0,-14.2,36.0,0.0,,300.0,13.0,,1020.0,,3.0,0
2025-01-15 21:00:00,-1.0,-13.2,39.0,0.0,,314.0,9.0,,1021.0,,3.0,0
2025-01-15 22:00:00,-2.0,-13.5,41.0,0.0,,312.0,9.0,,1022.0,,2.0,0
2025-01-15 23:00:00,-2.0,-13.8,40.0,0.0,,300.0,22.0,,1022.0,,1.0,0
2025-01-16 00:00:00,-2.0,-13.2,42.0,0.0,,318.0,9.0,,1022.0,,3.0,0
2025-01-16 01:00:00,-3.0,-13.5,44.0,0.0,,318.0,12.2,,1022.0,,3.0,0
2025-01-16 02:00:00,-3.7,-12.1,52.0,0.0,,313.0,10.1,,1022.1,,1.0,0
2025-01-16 03:00:00,-4.1,-12.0,54.0,0.0,,294.0,9.4,,1021.7,,1.0,0
2025-01-16 04:00:00,-3.0,-13.5,44.0,0.0,,270.0,13.0,,1021.0,,2.0,0
2025-01-16 05:00:00,-3.0,-13.0,46.0,0.0,,272.0,8.6,,1020.0,,3.0,0
2025-01-16 06:00:00,-3.0,-11.2,53.0,0.0,,250.0,17.0,,1020.0,,1.0,0
2025-01-16 07:00:00,-3.0,-10.8,55.0,0.0,,254.0,11.0,,1020.0,,1.0,0
2025-01-16 08:00:00,-4.0,-11.2,57.0,0.0,,251.0,6.0,,1020.0,,2.0,0
2025-01-16 09:00:00,-4.0,-11.7,55.0,0.0,,250.0,13.0,,1020.0,,2.0,0
2025-01-16 10:00:00,-4.0,-11.7,55.0,0.0,,210.0,6.0,,1019.0,,1.0,0
2025-01-16 11:00:00,-5.0,-12.9,54.0,0.0,,290.0,6.0,,1019.0,,3.0,0
2025-01-16 12:00:00,-5.0,-13.3,52.0,0.0,,260.0,6.0,,1019.0,,3.0,0
2025-01-16 13:00:00,-4.0,-12.9,50.0,0.0,,257.0,8.3,,1018.0,,2.0,0
2025-01-16 14:00:00,-3.0,-12.5,48.0,0.0,,255.0,6.0,,1017.0,,3.0,0
2025-01-16 15:00:00,-2.0,-12.6,44.0,0.0,,260.0,11.0,,1016.0,,3.0,0
2025-01-16 16:00:00,-3.0,-13.0,46.0,0.0,,217.0,11.0,,1015.0,,3.0,0
2025-01-16 17:00:00,-2.0,-14.1,39.0,0.0,,216.0,7.0,,1013.0,,2.0,0
2025-01-16 18:00:00,-2.0,-14.7,37.0,0.0,,220.0,6.0,,1012.0,,3.0,0
2025-01-16 19:00:00,-2.0,-12.3,45.0,0.0,,260.0,15.0,,1012.0,,3.0,0
2025-01-16 20:00:00,-2.0,-10.8,51.0,0.0,,216.0,6.0,,1011.0,,3.0,0
2025-01-16 21:00:00,-2.0,-9.6,56.0,0.0,,216.0,10.1,,1011.0,,3.0,0
2025-01-16 22:00:00,-2.0,-8.5,61.0,0.0,,212.0,9.0,,1011.0,,3.0,0
2025-01-16 23:00:00,-2.0,-7.5,66.0,0.0,,260.0,11.0,,1011.0,,3.0,0
2025-01-17 00:00:00,-2.0,-6.5,71.0,0.0,,211.0,6.0,,1011.0,,3.0,1
2025-01-17 01:00:00,-2.0,-6.5,71.0,0.0,,223.0,9.0,,1011.0,,3.0,1
2025-01-17 02:00:00,-3.0,-6.8,75.0,0.0,,240.0,13.0,,1011.0,,3.0,1
2025-01-17 03:00:00,-3.0,-7.3,72.0,0.0,,280.0,9.0,,1011.0,,3.0,1
2025-01-17 04:00:00,-3.0,-7.0,74.0,0.0,,280.0,11.0,,1012.0,,3.0,1
2025-01-17 05:00:00,-3.0,-7.9,69.0,0.0,,257.0,9.0,,1012.0,,3.0,1
2025-01-17 06:00:00,-3.0,-7.5,71.0,0.0,,270.0,11.0,,1012.0,,3.0,1
2025-01-17 07:00:00,-3.0,-8.1,68.0,0.0,,280.0,7.0,,1013.0,,3.0,1
2025-01-17 08:00:00,-3.0,-8.1,68.0,0.0,,281.0,9.0,,1014.0,,1.0,1
2025-01-17 09:00:00,-3.0,-8.1,68.0,0.0,,285.0,6.0,,1015.0,,1.0,1
2025-01-17 10:00:00,-3.0,-8.4,66.0,0.0,,290.0,10.4,,1016.0,,1.0,1
2025-01-17 11:00:00,-3.0,-8.4,66.0,0.0,,270.0,9.0,,1017.0,,1.0,1
2025-01-17 12:00:00,-3.0,-8.4,66.0,0.0,,250.0,6.0,,1018.0,,1.0,1
2025-01-17 13:00:00,-2.0,-8.5,61.0,0.0,,240.0,6.0,,1019.0,,1.0,1
2025-01-17 14:00:00,-1.0,-8.2,58.0,0.0,,260.0,13.0,,1019.0,,1.0,1
2025-01-17 15:00:00,1.0,-6.8,56.0,0.0,,272.0,7.0,,1019.0,,2.0,1
2025-01-17 16:00:00,3.0,-6.4,50.0,0.0,,250.0,6.0,,1019.0,,1.0,1
2025-01-17 17:00:00,4.0,-6.0,48.0,0.0,,241.0,8.6,,1019.0,,1.0,1
2025-01-17 18:00:00,5.0,-6.5,43.0,0.0,,240.0,19.0,,1019.0,,1.0,1
2025-01-17 19:00:00,6.0,-6.3,41.0,0.0,,271.0,6.0,,1019.0,,3.0,1
2025-01-17 20:00:00,5.0,-6.5,43.0,0.0,,260.0,7.0,,1019.0,,3.0,1
2025-01-17 21:00:00,4.0,-7.4,43.0,0.0,,193.0,6.1,,1019.0,,3.0,1
2025-01-17 22:00:00,4.0,-7.1,44.0,0.0,,250.0,7.0,,1020.0,,3.0,1
2025-01-17 23:00:00,4.0,-6.6,46.0,0.0,,240.0,7.0,,1020.0,,2.0,1
2025-01-18 00:00:00,4.0,-6.0,48.0,0.0,,210.0,9.0,,1021.0,,1.0,0
2025-01-18 01:00:00,3.0,-6.4,50.0,0.0,,210.0,6.0,,1020.0,,2.0,0
2025-01-18 02:00:00,4.0,-6.0,48.0,0.0,,207.0,8.6,,1021.0,,1.0,0
2025-01-18 03:00:00,3.0,-6.9,48.0,0.0,,207.0,6.0,,1021.0,,1.0,0
2025-01-18 04:00:00,3.0,-6.9,48.0,0.0,,230.0,15.0,,1021.0,,1.0,0
2025-01-18 05:00:00,3.0,-6.9,48.0,0.0,,206.0,7.0,,1020.0,,1.0,0
2025-01-18 06:00:00,2.0,-7.3,50.0,0.0,,200.0,7.0,,1020.0,,3.0,0
2025-01-18 07:00:00,2.0,-6.3,54.0,0.0,,193.0,6.0,,1019.0,,3.0,0
2025-01-18 08:00:00,3.0,-4.7,57.0,0.0,,220.0,13.0,,1019.0,,3.0,0
2025-01-18 09:00:00,3.0,-4.7,57.0,0.0,,220.0,15.0,,1019.0,,2.0,0
2025-01-18 10:00:00,3.0,-4.2,59.0,0.0,,180.0,13.0,,1018.0,,3.0,0
2025-01-18 11:00:00,4.0,-2.2,64.0,0.0,,160.0,9.0,,1018.0,,3.0,0
2025-01-18 12:00:00,5.0,-1.0,65.0,0.0,,190.0,9.0,,1017.0,,3.0,0
2025-01-18 13:00:00,6.0,-0.7,62.0,0.0,,192.0,6.0,,1017.0,,3.0,0
2025-01-18 14:00:00,6.0,-1.2,60.0,0.0,,193.0,14.8,,1016.0,,3.0,0
2025-01-18 15:00:00,7.0,0.9,65.0,0.0,,184.0,7.0,,1015.0,,3.0,0
2025-01-18 16:00:00,7.0,3.1,76.0,0.0,,172.0,9.0,,1014.0,,3.0,0
2025-01-18 17:00:00,8.0,3.5,73.0,0.0,,175.0,9.0,,1013.0,,3.0,0
2025-01-18 18:00:00,8.0,3.5,73.0,0.0,,140.0,9.0,,1012.0,,3.0,0
2025-01-18 19:00:00,7.0,4.1,82.0,0.3,,180.0,6.0,,1010.0,,8.0,0
2025-01-18 20:00:00,7.0,5.3,89.0,0.2,,156.0,6.8,,1010.0,,7.0,0
2025-01-18 21:00:00,7.0,5.5,90.0,0.1,,280.0,3.2,,1009.0,,7.0,0
2025-01-18 22:00:00,7.0,5.9,93.0,0.2,,324.0,1.4,,1008.0,,5.0,0
2025-01-18 23:00:00,6.0,5.0,93.0,0.0,,10.0,6.0,,1009.0,,5.0,0
2025-01-19 00:00:00,7.0,5.3,89.0,0.0,,30.0,6.0,,1009.0,,5.0,1
2025-01-19 01:00:00,7.0,5.3,89.0,0.0,,280.0,6.0,,1009.0,,5.0,1
2025-01-19 02:00:00,7.0,4.7,85.0,0.0,,251.0,6.0,,1009.0,,5.0,1
2025-01-19 03:00:00,5.0,3.3,89.0,0.0,,290.0,11.0,,1009.0,,5.0,1
2025-01-19 04:00:00,5.0,2.9,86.0,0.0,,280.0,9.0,,1009.0,,5.0,1
2025-01-19 05:00:00,4.0,1.4,83.0,0.0,,290.0,7.0,,1009.0,,2.0,1
2025-01-19 06:00:00,4.0,0.7,79.0,0.0,,260.0,11.0,,1009.0,,2.0,1
2025-01-19 07:00:00,4.0,0.7,79.0,0.0,,290.0,11.0,,1009.0,,1.0,1
2025-01-19 08:00:00,3.0,-0.8,76.0,0.0,,304.0,7.0,,1009.0,,1.0,1
2025-01-19 09:00:00,3.0,-0.8,76.0,0.0,,290.0,6.0,,1010.0,,1.0,1
2025-01-19 10:00:00,3.0,-0.8,76.0,0.0,,319.0,10.8,,1010.0,,1.0,1
2025-01-19 11:00:00,3.0,-1.4,73.0,0.0,,280.0,7.0,,1011.0,,1.0,1
2025-01-19 12:00:00,3.0,-0.8,76.0,0.0,,332.0,10.8,,1012.0,,2.0,1
2025-01-19 13:00:00,4.0,-1.0,70.0,0.0,,348.0,6.0,,1012.0,,3.0,1
2025-01-19 14:00:00,4.0,-1.0,70.0,0.0,,344.0,7.0,,1012.0,,3.0,1
2025-01-19 15:00:00,4.0,-1.0,70.0,0.0,,30.0,9.0,,1012.0,,3.0,1
2025-01-19 16:00:00,4.0,-1.6,67.0,0.0,,20.0,9.0,,1010.0,,3.0,1
2025-01-19 17:00:00,4.0,-2.6,62.0,0.0,,30.0,9.0,,1009.0,,3.0,1
2025-01-19 18:00:00,3.0,-1.5,72.0,0.0,,30.0,13.0,,1008.0,,3.0,1
2025-01-19 19:00:00,2.0,-2.3,73.0,0.0,,360.0,11.0,,1008.0,,3.0,1
2025-01-19 20:00:00,1.0,-1.7,82.0,0.9,,60.0,13.0,,1006.0,,12.0,1
2025-01-19 21:00:00,1.0,-1.2,85.0,0.6,,20.0,7.0,,1005.0,,12.0,1
2025-01-19 22:00:00,1.0,-1.2,85.0,0.3,,310.0,7.0,,1006.0,,15.0,1
2025-01-19 23:00:00,-1.0,-2.1,92.0,1.0,,340.0,15.0,,1005.0,,16.0,1
2025-01-20 00:00:00,-1.0,-2.7,88.0,2.0,,352.0,6.0,,1005.0,,16.0,1
2025-01-20 01:00:00,-2.0,-3.0,93.0,0.9,,356.0,22.0,,1006.0,,15.0,1
2025-01-20 02:00:00,-2.0,-3.7,88.0,0.5,,347.0,21.2,,1006.0,,15.0,1
2025-01-20 03:00:00,-2.0,-4.8,81.0,0.2,,345.0,11.0,,1007.0,,14.0,1
2025-01-20 04:00:00,-2.0,-5.3,78.0,0.2,,300.0,15.0,,1008.0,,14.0,1
2025-01-20 05:00:00,-4.0,-7.4,77.0,0.1,,310.0,20.0,,1010.0,,14.0,1
2025-01-20 06:00:00,-6.0,-10.4,71.0,0.0,,280.0,13.0,,1012.0,,3.0,1
2025-01-20 07:00:00,-6.0,-10.4,71.0,0.0,,308.0,6.0,,1013.0,,3.0,1
2025-01-20 08:00:00,-7.0,-11.9,68.0,0.0,,310.0,11.0,,1015.0,,3.0,1
2025-01-20 09:00:00,-7.0,-14.1,57.0,0.0,,300.0,15.0,,1016.0,,2.0,1
2025-01-20 10:00:00,-7.0,-13.6,59.0,0.0,,313.0,15.1,,1018.0,,1.0,1
2025-01-20 11:00:00,-8.0,-14.6,59.0,0.0,,280.0,11.0,,1020.0,,1.0,1
2025-01-20 12:00:00,-8.0,-15.2,56.0,0.0,,280.0,9.0,,1021.0,,1.0,1
2025-01-20 13:00:00,-7.0,-14.7,54.0,0.0,,280.0,13.0,,1023.0,,1.0,1
2025-01-20 14:00:00,-7.0,-15.2,52.0,0.0,,280.0,19.0,,1024.0,,1.0,1
2025-01-20 15:00:00,-6.0,-15.0,49.0,0.0,,270.0,17.0,,1024.0,,1.0,1
2025-01-20 16:00:00,-5.0,-15.6,43.0,0.0,,310.0,15.0,,1024.0,,1.0,1
2025-01-20 17:00:00,-3.0,-15.3,38.0,0.0,,262.0,11.9,,1024.0,,1.0,1
2025-01-20 18:00:00,-4.0,-17.9,33.0,0.0,,280.0,15.0,,1024.0,,3.0,1
2025-01-20 19:00:00,-4.0,-17.2,35.0,0.0,,270.0,15.0,,1025.0,,3.0,1
2025-01-20 20:00:00,-4.0,-16.8,36.0,0.0,,270.0,13.0,,1026.0,,3.0,1
2025-01-20 21:00:00,-5.0,-17.1,38.0,0.0,,260.0,13.0,,1027.0,,3.0,1
2025-01-20 22:00:00,-5.0,-17.1,38.0,0.0,,290.0,13.0,,1028.0,,3.0,1
2025-01-20 23:00:00,-6.0,-16.5,43.0,0.0,,268.0,10.8,,1029.0,,3.0,1
2025-01-21 00:00:00,-7.0,-16.9,45.0,0.0,,264.0,6.0,,1031.0,,3.0,1
2025-01-21 01:00:00,-7.0,-17.4,43.0,0.0,,259.0,11.0,,1032.0,,3.0,1
2025-01-21 02:00:00,-7.0,-17.4,43.0,0.0,,276.0,6.0,,1032.0,,3.0,1
2025-01-21 03:00:00,-8.0,-18.9,41.0,0.0,,272.0,7.0,,1033.0,,2.0,1
2025-01-21 04:00:00,-8.0,-18.6,42.0,0.0,,260.0,13.0,,1033.0,,1.0,1
2025-01-21 05:00:00,-9.0,-19.5,42.0,0.0,,262.0,7.0,,1034.0,,1.0,1
2025-01-21 06:00:00,-9.0,-19.0,44.0,0.0,,280.0,13.0,,1034.0,,1.0,1
2025-01-21 07:00:00,-10.0,-19.9,44.0,0.0,,274.0,11.0,,1034.0,,1.0,1
2025-01-21 08:00:00,-11.0,-20.8,44.0,0.0,,278.0,8.3,,1034.0,,1.0,1
2025-01-21 09:00:00,-11.0,-21.4,42.0,0.0,,260.0,13.0,,1034.0,,2.0,1
2025-01-21 10:00:00,-11.0,-20.6,45.0,0.0,,270.0,7.0,,1035.0,,2.0,1
2025-01-21 11:00:00,-11.0,-19.8,48.0,0.0,,250.0,11.0,,1036.0,,3.0,1
2025-01-21 12:00:00,-12.0,-19.6,53.0,0.0,,230.0,19.0,,1036.0,,3.0,1
2025-01-21 13:00:00,-11.0,-19.8,48.0,0.0,,300.0,15.0,,1037.0,,3.0,1
2025-01-21 14:00:00,-11.0,-19.8,48.0,0.0,,280.0,9.0,,1036.0,,2.0,1
2025-01-21 15:00:00,-10.0,-19.9,44.0,0.0,,287.0,11.0,,1036.0,,2.0,1
2025-01-21 16:00:00,-9.0,-20.7,38.0,0.0,,262.0,9.0,,1035.0,,3.0,1
2025-01-21 17:00:00,-8.0,-20.1,37.0,0.0,,245.0,6.1,,1033.0,,3.0,1
2025-01-21 18:00:00,-8.0,-20.1,37.0,0.0,,242.0,7.0,,1032.0,,3.0,1
2025-01-21 19:00:00,-7.0,-20.9,32.0,0.0,,228.0,6.0,,1031.0,,3.0,1
2025-01-21 20:00:00,-7.0,-20.9,32.0,0.0,,235.0,7.0,,1032.0,,3.0,1
2025-01-21 21:00:00,-7.0,-19.2,37.0,0.0,,250.0,9.0,,1031.0,,3.0,1
2025-01-21 22:00:00,-8.0,-20.7,35.0,0.0,,236.0,7.0,,1032.0,,3.0,1
2025-01-21 23:00:00,-8.0,-19.5,39.0,0.0,,250.0,10.1,,1032.0,,3.0,1
2025-01-22 00:00:00,-8.0,-18.6,42.0,0.0,,258.0,10.8,,1032.0,,3.0,1
2025-01-22 01:00:00,-8.0,-19.8,38.0,0.0,,270.0,13.0,,1032.0,,3.0,1
2025-01-22 02:00:00,-8.0,-19.8,38.0,0.0,,290.0,17.0,,1032.0,,3.0,1
2025-01-22 03:00:00,-9.0,-20.1,40.0,0.0,,280.0,15.0,,1032.0,,3.0,1
2025-01-22 04:00:00,-9.0,-20.1,40.0,0.0,,280.0,11.0,,1033.0,,3.0,1
2025-01-22 05:00:00,-9.0,-20.7,38.0,0.0,,290.0,13.0,,1032.0,,3.0,1
2025-01-22 06:00:00,-10.0,-20.5,42.0,0.0,,299.0,11.0,,1033.0,,3.0,1
2025-01-22 07:00:00,-11.0,-20.8,44.0,0.0,,310.0,13.0,,1033.0,,1.0,1
2025-01-22 08:00:00,-11.0,-20.8,44.0,0.0,,300.0,13.0,,1033.0,,1.0,1
2025-01-22 09:00:00,-11.0,-19.8,48.0,0.0,,290.0,7.0,,1032.0,,1.0,1
2025-01-22 10:00:00,-11.0,-20.6,45.0,0.0,,340.0,13.0,,1033.0,,1.0,1
2025-01-22 11:00:00,-12.0,-21.2,46.0,0.0,,310.0,11.0,,1033.0,,2.0,1
2025-01-22 12:00:00,-12.0,-20.8,48.0,0.0,,354.0,7.9,,1034.0,,1.0,1
2025-01-22 13:00:00,-12.0,-20.8,48.0,0.0,,349.0,10.1,,1033.0,,1.0,1
2025-01-22 14:00:00,-11.0,-20.8,44.0,0.0,,360.0,15.0,,1034.0,,1.0,1
2025-01-22 15:00:00,-9.0,-21.3,36.0,0.0,,340.0,13.0,,1034.0,,1.0,1
2025-01-22 16:00:00,-8.0,-20.7,35.0,0.0,,336.0,10.4,,1033.0,,1.0,1
2025-01-22 17:00:00,-7.0,-20.2,34.0,0.0,,349.0,9.4,,1033.0,,1.0,1
2025-01-22 18:00:00,-7.0,-21.6,30.0,0.0,,354.0,7.6,,1033.0,,1.0,1
2025-01-22 19:00:00,-7.0,-21.6,30.0,0.0,,260.0,7.0,,1033.0,,1.0,1
2025-01-22 20:00:00,-7.0,-22.0,29.0,0.0,,270.0,6.0,,1033.0,,1.0,1
2025-01-22 21:00:00,-7.0,-20.2,34.0,0.0,,300.0,7.0,,1033.0,,1.0,1
2025-01-22 22:00:00,-7.0,-20.9,32.0,0.0,,280.0,7.0,,1033.0,,1.0,1
2025-01-22 23:00:00,-7.0,-19.2,37.0,0.0,,250.0,13.0,,1033.0,,3.0,1
2025-01-23 00:00:00,-7.0,-19.9,35.0,0.0,,270.0,11.0,,1033.0,,3.0,1
2025-01-23 01:00:00,-7.0,-20.2,34.0,0.0,,280.0,11.0,,1032.0,,3.0,1
2025-01-23 02:00:00,-7.0,-19.9,35.0,0.0,,260.0,15.0,,1032.0,,3.0,1
2025-01-23 03:00:00,-8.0,-19.5,39.0,0.0,,165.0,7.0,,1032.0,,3.0,1
2025-01-23 04:00:00,-8.0,-18.9,41.0,0.0,,249.0,9.0,,1032.0,,2.0,1
2025-01-23 05:00:00,-8.0,-17.6,46.0,0.0,,270.0,9.0,,1031.0,,3.0,1
2025-01-23 06:00:00,-8.0,-18.9,41.0,0.0,,280.0,7.0,,1031.0,,1.0,1
2025-01-23 07:00:00,-8.0,-17.8,45.0,0.0,,290.0,6.0,,1030.0,,1.0,1
2025-01-23 08:00:00,-8.0,-17.8,45.0,0.0,,260.0,7.0,,1030.0,,3.0,1
2025-01-23 09:00:00,-7.0,-17.4,43.0,0.0,,260.0,7.0,,1030.0,,3.0,1
2025-01-23 10:00:00,-8.0,-16.8,49.0,0.0,,289.0,7.0,,1029.0,,3.0,1
2025-01-23 11:00:00,-8.0,-16.3,51.0,0.0,,287.0,2.2,,1028.0,,3.0,1
2025-01-23 12:00:00,-7.0,-15.9,49.0,0.0,,145.0,1.1,,1028.0,,3.0,1
2025-01-23 13:00:00,-6.0,-13.8,54.0,0.0,,123.0,6.0,,1028.0,,3.0,1
2025-01-23 14:00:00,-6.0,-15.0,49.0,0.0,,280.0,11.0,,1028.0,,3.0,1
2025-01-23 15:00:00,-6.0,-15.2,48.0,0.0,,293.0,11.0,,1027.0,,3.0,1
2025-01-23 16:00:00,-4.0,-15.6,40.0,0.0,,270.0,9.0,,1025.0,,2.0,1
2025-01-23 17:00:00,-3.0,-15.0,39.0,0.0,,231.0,9.0,,1024.0,,3.0,1
2025-01-23 18:00:00,-3.0,-14.1,42.0,0.0,,250.0,9.0,,1023.0,,1.0,1
2025-01-23 19:00:00,-3.0,-17.7,31.0,0.0,,240.0,13.0,,1022.0,,1.0,1
2025-01-23 20:00:00,-3.0,-18.5,29.0,0.0,,270.0,11.0,,1021.0,,1.0,1
2025-01-23 21:00:00,-3.0,-17.7,31.0,0.0,,260.0,11.0,,1021.0,,1.0,1
2025-01-23 22:00:00,-3.0,-16.3,35.0,0.0,,260.0,9.0,,1021.0,,1.0,1
2025-01-23 23:00:00,-3.0,-15.6,37.0,0.0,,260.0,9.0,,1021.0,,1.0,1
2025-01-24 00:00:00,-3.0,-15.6,37.0,0.0,,260.0,7.0,,1021.0,,1.0,1
2025-01-24 01:00:00,-3.0,-15.6,37.0,0.0,,260.0,15.0,,1021.0,,1.0,1
2025-01-24 02:00:00,-4.0,-15.6,40.0,0.0,,253.0,9.0,,1021.0,,1.0,1
2025-01-24 03:00:00,-4.0,-13.9,46.0,0.0,,255.0,8.6,,1021.0,,1.0,1
2025-01-24 04:00:00,-4.0,-14.4,44.0,0.0,,259.0,6.0,,1020.0,,1.0,1
2025-01-24 05:00:00,-4.0,-13.4,48.0,0.0,,260.0,10.4,,1020.0,,1.0,1
2025-01-24 06:00:00,-4.0,-13.4,48.0,0.0,,259.0,6.0,,1020.0,,1.0,1
2025-01-24 07:00:00,-4.0,-13.4,48.0,0.0,,263.0,9.7,,1021.0,,1.0,1
2025-01-24 08:00:00,-5.0,-13.8,50.0,0.0,,262.0,8.6,,1020.0,,1.0,1
2025-01-24 09:00:00,-5.0,-13.3,52.0,0.0,,260.0,7.0,,1021.0,,1.0,1
2025-01-24 10:00:00,-4.0,-12.4,52.0,0.0,,267.0,7.0,,1021.0,,1.0,1
2025-01-24 11:00:00,-4.0,-12.4,52.0,0.0,,277.0,7.0,,1022.0,,1.0,1
2025-01-24 12:00:00,-5.0,-12.2,57.0,0.0,,278.0,7.0,,1022.0,,1.0,1
2025-01-24 13:00:00,-4.0,-11.7,55.0,0.0,,280.0,20.0,,1023.0,,1.0,1
2025-01-24 14:00:00,-3.0,-11.9,50.0,0.0,,270.0,19.0,,1023.0,,1.0,1
2025-01-24 15:00:00,-2.0,-12.3,45.0,0.0,,280.0,13.0,,1023.0,,1.0,1
2025-01-24 16:00:00,-1.0,-13.2,39.0,0.0,,276.0,7.0,,1023.0,,1.0,1
2025-01-24 17:00:00,-1.0,-13.5,38.0,0.0,,281.0,11.0,,1022.0,,1.0,1
2025-01-24 18:00:00,0.0,-13.3,36.0,0.0,,260.0,13.0,,1022.0,,1.0,1
2025-01-24 19:00:00,0.0,-14.0,34.0,0.0,,300.0,11.0,,1021.0,,1.0,1
2025-01-24 20:00:00,0.0,-14.0,34.0,0.0,,280.0,6.0,,1021.0,,1.0,1
2025-01-24 21:00:00,0.0,-14.3,33.0,0.0,,268.0,7.0,,1022.0,,1.0,1
2025-01-24 22:00:00,-1.0,-14.2,36.0,0.0,,250.0,6.1,,1023.0,,1.0,1
2025-01-24 23:00:00,-1.0,-13.8,37.0,0.0,,267.0,6.0,,1024.0,,1.0,1
2025-01-25 00:00:00,-2.0,-13.5,41.0,0.0,,277.0,7.0,,1025.0,,2.0,1
2025-01-25 01:00:00,-2.0,-13.8,40.0,0.0,,268.0,6.0,,1025.0,,3.0,1
2025-01-25 02:00:00,-2.0,-14.1,39.0,0.0,,269.0,5.0,,1025.0,,3.0,1
2025-01-25 03:00:00,-3.0,-14.1,42.0,0.0,,273.0,5.8,,1025.0,,3.0,1
2025-01-25 04:00:00,-3.0,-14.4,41.0,0.0,,310.0,6.0,,1025.0,,3.0,1
2025-01-25 05:00:00,-3.0,-14.1,42.0,0.0,,295.0,2.5,,1025.0,,3.0,1
2025-01-25 06:00:00,-3.0,-13.0,46.0,0.0,,300.0,7.0,,1026.0,,1.0,1
2025-01-25 07:00:00,-4.0,-13.9,46.0,0.0,,283.0,2.9,,1026.0,,1.0,1
2025-01-25 08:00:00,-4.0,-13.4,48.0,0.0,,273.0,6.0,,1026.0,,1.0,1
2025-01-25 09:00:00,-4.0,-12.9,50.0,0.0,,290.0,6.0,,1026.0,,1.0,1
2025-01-25 10:00:00,-5.0,-13.8,50.0,0.0,,270.0,9.0,,1027.0,,1.0,1
2025-01-25 11:00:00,-6.0,-13.8,54.0,0.0,,260.0,6.0,,1028.0,,1.0,1
2025-01-25 12:00:00,-6.0,-14.2,52.0,0.0,,280.0,13.0,,1028.0,,1.0,1
2025-01-25 13:00:00,-6.0,-14.7,50.0,0.0,,260.0,13.0,,1029.0,,1.0,1
2025-01-25 14:00:00,-5.0,-15.1,45.0,0.0,,259.0,9.0,,1029.0,,1.0,1
2025-01-25 15:00:00,-4.0,-15.0,42.0,0.0,,250.0,13.0,,1029.0,,1.0,1
2025-01-25 16:00:00,-3.0,-15.0,39.0,0.0,,231.0,9.0,,1027.0,,1.0,1
2025-01-25 17:00:00,-2.0,-14.1,39.0,0.0,,229.0,8.6,,1026.0,,2.0,1
2025-01-25 18:00:00,-1.0,-13.8,37.0,0.0,,234.0,9.0,,1026.0,,2.0,1
2025-01-25 19:00:00,-1.0,-14.2,36.0,0.0,,240.0,19.0,,1026.0,,3.0,1
2025-01-25 20:00:00,-1.0,-15.2,33.0,0.0,,250.0,15.0,,1025.0,,3.0,1
2025-01-25 21:00:00,-1.0,-15.2,33.0,0.0,,250.0,13.0,,1025.0,,3.0,1
2025-01-25 22:00:00,-1.0,-13.5,38.0,0.0,,215.0,9.0,,1025.0,,3.0,1
2025-01-25 23:00:00,-1.0,-13.5,38.0,0.0,,250.0,13.0,,1025.0,,3.0,1
2025-01-26 00:00:00,-1.0,-13.5,38.0,0.0,,240.0,9.0,,1025.0,,3.0,1
2025-01-26 01:00:00,0.0,-11.1,43.0,0.0,,230.0,17.0,,1025.0,,3.0,1
2025-01-26 02:00:00,0.0,-10.5,45.0,0.0,,223.0,10.8,,1025.0,,2.0,1
2025-01-26 03:00:00,0.0,-9.4,49.0,0.0,,216.0,11.0,,1024.0,,3.0,1
2025-01-26 04:00:00,0.0,-8.9,51.0,0.0,,220.0,7.0,,1024.0,,3.0,1
2025-01-26 05:00:00,-1.0,-9.1,54.0,0.0,,216.0,9.4,,1023.0,,3.0,1
2025-01-26 06:00:00,0.0,-8.9,51.0,0.0,,240.0,13.0,,1022.0,,3.0,1
2025-01-26 07:00:00,0.0,-8.2,54.0,0.0,,220.0,13.0,,1022.0,,3.0,1
2025-01-26 08:00:00,0.0,-7.7,56.0,0.0,,224.0,9.0,,1021.0,,3.0,1
2025-01-26 09:00:00,0.0,-8.2,54.0,0.0,,224.0,9.0,,1020.0,,3.0,1
2025-01-26 10:00:00,0.0,-7.7,56.0,0.0,,235.0,9.0,,1021.0,,3.0,1
2025-01-26 11:00:00,-1.0,-8.2,58.0,0.0,,290.0,11.0,,1021.0,,3.0,1
2025-01-26 12:00:00,1.0,-8.0,51.0,0.0,,270.0,13.0,,1021.0,,3.0,1
2025-01-26 13:00:00,1.0,-8.2,50.0,0.0,,260.0,9.0,,1021.0,,3.0,1
2025-01-26 14:00:00,3.0,-8.1,44.0,0.0,,280.0,24.0,,1021.0,,3.0,1
2025-01-26 15:00:00,4.0,-8.7,39.0,0.0,,270.0,17.0,,1021.0,,3.0,1
2025-01-26 16:00:00,4.0,-9.4,37.0,0.0,,257.0,9.0,,1020.0,,3.0,1
2025-01-26 17:00:00,5.0,-9.2,35.0,0.0,,250.0,17.0,,1020.0,,3.0,1
2025-01-26 18:00:00,6.0,-10.3,30.0,0.0,,276.0,15.8,,1020.0,,3.0,1
2025-01-26 19:00:00,6.0,-10.7,29.0,0.0,,270.0,13.0,,1020.0,,3.0,1
2025-01-26 20:00:00,6.0,-9.4,32.0,0.0,,310.0,17.0,,1020.0,,3.0,1
2025-01-26 21:00:00,5.0,-9.2,35.0,0.0,,300.0,7.0,,1020.0,,3.0,1
2025-01-26 22:00:00,4.0,-9.4,37.0,0.0,,280.0,7.0,,1021.0,,3.0,1
2025-01-26 23:00:00,3.0,-8.7,42.0,0.0,,300.0,7.0,,1022.0,,3.0,1
2025-01-27 00:00:00,3.0,-8.1,44.0,0.0,,280.0,7.0,,1021.0,,3.0,1
2025-01-27 01:00:00,3.0,-8.1,44.0,0.0,,300.0,6.0,,1021.0,,2.0,1
2025-01-27 02:00:00,2.0,-9.0,44.0,0.0,,280.0,7.0,,1021.0,,3.0,1
2025-01-27 03:00:00,2.0,-10.2,40.0,0.0,,250.0,5.0,,1020.0,,3.0,1
2025-01-27 04:00:00,2.0,-11.8,35.0,0.0,,270.0,7.0,,1020.0,,3.0,1
2025-01-27 05:00:00,2.0,-10.2,40.0,0.0,,237.0,9.0,,1019.0,,3.0,1
2025-01-27 06:00:00,1.0,-10.8,41.0,0.0,,236.0,7.6,,1018.0,,3.0,1
2025-01-27 07:00:00,2.0,-10.2,40.0,0.0,,241.0,9.0,,1019.0,,3.0,1
2025-01-27 08:00:00,2.0,-10.2,40.0,0.0,,240.0,13.0,,1018.0,,3.0,1
2025-01-27 09:00:00,1.0,-10.8,41.0,0.0,,240.0,9.0,,1017.0,,3.0,1
2025-01-27 10:00:00,1.0,-10.2,43.0,0.0,,252.0,7.0,,1018.0,,3.0,1
2025-01-27 11:00:00,0.0,-11.7,41.0,0.0,,280.0,7.0,,1018.0,,3.0,1
2025-01-27 12:00:00,-1.0,-12.0,43.0,0.0,,280.0,17.0,,1018.0,,1.0,1
2025-01-27 13:00:00,0.0,-11.7,41.0,0.0,,270.0,9.0,,1018.0,,1.0,1
2025-01-27 14:00:00,1.0,-11.7,38.0,0.0,,259.0,11.0,,1018.0,,1.0,1
2025-01-27 15:00:00,2.0,-11.8,35.0,0.0,,250.0,9.0,,1018.0,,1.0,1
2025-01-27 16:00:00,3.0,-12.1,32.0,0.0,,240.0,13.0,,1016.0,,1.0,1
2025-01-27 17:00:00,3.0,-12.1,32.0,0.0,,238.0,13.3,,1015.0,,1.0,1
2025-01-27 18:00:00,4.0,-12.0,30.0,0.0,,231.0,9.0,,1014.0,,1.0,1
2025-01-27 19:00:00,4.0,-13.3,27.0,0.0,,230.0,15.0,,1012.0,,1.0,1
2025-01-27 20:00:00,4.0,-14.7,24.0,0.0,,229.0,15.5,,1011.0,,1.0,1
2025-01-27 21:00:00,4.0,-15.8,22.0,0.0,,240.0,15.0,,1010.0,,1.0,1
2025-01-27 22:00:00,4.0,-15.8,22.0,0.0,,220.0,13.0,,1009.0,,1.0,1
2025-01-27 23:00:00,3.0,-15.1,25.0,0.0,,250.0,7.0,,1009.0,,1.0,1
2025-01-28 00:00:00,4.0,-14.7,24.0,0.0,,228.0,11.0,,1008.0,,1.0,0
2025-01-28 01:00:00,4.0,-10.4,34.0,0.0,,222.0,7.0,,1006.0,,1.0,0
2025-01-28 02:00:00,3.0,-9.3,40.0,0.0,,223.0,11.0,,1005.0,,1.0,0
2025-01-28 03:00:00,3.0,-7.5,46.0,0.0,,220.0,15.0,,1004.0,,1.0,0
2025-01-28 04:00:00,3.0,-7.5,46.0,0.0,,231.0,19.1,,1003.0,,1.0,0
2025-01-28 05:00:00,3.0,-8.1,44.0,0.0,,250.0,13.0,,1002.0,,3.0,0
2025-01-28 06:00:00,3.0,-11.0,35.0,0.0,,240.0,20.0,,1001.0,,3.0,0
2025-01-28 07:00:00,3.0,-11.3,34.0,0.0,,240.0,17.0,,1001.0,,3.0,0
2025-01-28 08:00:00,3.0,-12.5,31.0,0.0,,249.0,19.1,,1000.0,,3.0,0
2025-01-28 09:00:00,3.0,-12.5,31.0,0.0,,249.0,18.4,,1000.0,,3.0,0
2025-01-28 10:00:00,3.0,-12.1,32.0,0.0,,240.0,17.0,,1000.0,,3.0,0
2025-01-28 11:00:00,3.0,-11.0,35.0,0.0,,250.0,15.0,,1001.0,,2.0,0
2025-01-28 12:00:00,3.0,-8.7,42.0,0.0,,252.0,20.5,,1002.0,,3.0,0
2025-01-28 13:00:00,3.0,-8.7,42.0,0.0,,240.0,19.0,,1002.0,,3.0,0
2025-01-28 14:00:00,4.0,-7.4,43.0,0.0,,280.0,19.0,,1003.0,,3.0,0
2025-01-28 15:00:00,4.0,-7.4,43.0,0.0,,290.0,30.0,,1004.0,,3.0,0
2025-01-28 16:00:00,6.0,-10.3,30.0,0.0,,290.0,15.0,,1004.0,,3.0,0
2025-01-28 17:00:00,4.0,-10.8,33.0,0.0,,300.0,28.0,,1005.0,,1.0,0
2025-01-28 18:00:00,4.0,-10.4,34.0,0.0,,300.0,19.0,,1005.0,,3.0,0
2025-01-28 19:00:00,3.0,-12.5,31.0,0.0,,310.0,20.0,,1005.0,,2.0,0
2025-01-28 20:00:00,3.0,-12.1,32.0,0.0,,308.0,14.8,,1006.0,,1.0,0
2025-01-28 21:00:00,2.0,-13.0,32.0,0.0,,301.0,11.0,,1006.0,,2.0,0
2025-01-28 22:00:00,2.0,-11.8,35.0,0.0,,335.0,5.8,,1006.0,,3.0,0
2025-01-28 23:00:00,1.0,-11.4,39.0,0.0,,80.0,6.0,,1007.0,,3.0,0
2025-01-29 00:00:00,1.0,-11.4,39.0,0.0,,66.0,4.7,,1006.0,,3.0,0
2025-01-29 01:00:00,2.0,-11.2,37.0,0.0,,124.0,7.0,,1005.0,,3.0,0
2025-01-29 02:00:00,2.0,-9.6,42.0,0.0,,140.0,7.0,,1005.0,,2.0,0
2025-01-29 03:00:00,2.0,-8.4,46.0,0.0,,164.0,10.4,,1004.0,,2.0,0
2025-01-29 04:00:00,3.0,-6.9,48.0,0.0,,180.0,13.0,,1002.0,,3.0,0
2025-01-29 05:00:00,4.0,-6.0,48.0,0.0,,198.0,11.5,,1001.0,,3.0,0
2025-01-29 06:00:00,4.0,-6.6,46.0,0.0,,197.0,7.0,,1000.0,,1.0,0
2025-01-29 07:00:00,3.0,-6.4,50.0,0.0,,215.0,9.0,,999.0,,3.0,0
2025-01-29 08:00:00,4.0,-6.6,46.0,0.0,,240.0,15.0,,999.0,,3.0,0
2025-01-29 09:00:00,4.0,-6.6,46.0,0.0,,240.0,13.0,,999.0,,3.0,0
2025-01-29 10:00:00,5.0,-6.5,43.0,0.0,,230.0,13.0,,998.0,,3.0,0
2025-01-29 11:00:00,5.0,-5.9,45.0,0.0,,230.0,19.0,,999.0,,3.0,0
2025-01-29 12:00:00,5.0,-5.9,45.0,0.0,,230.0,15.0,,999.0,,2.0,0
2025-01-29 13:00:00,6.0,-5.3,44.0,0.0,,240.0,15.0,,999.0,,1.0,0
2025-01-29 14:00:00,7.0,-5.7,40.0,0.0,,240.0,13.0,,999.0,,3.0,0
2025-01-29 15:00:00,8.0,-5.1,39.0,0.0,,250.0,19.0,,998.0,,3.0,0
2025-01-29 16:00:00,10.0,-5.1,34.0,0.0,,250.0,15.0,,997.0,,2.0,0
2025-01-29 17:00:00,10.0,-5.1,34.0,0.0,,231.0,25.9,,997.0,,1.0,0
2025-01-29 18:00:00,11.0,-6.4,29.0,0.0,,280.0,22.0,,997.0,,1.0,0
2025-01-29 19:00:00,10.0,-8.1,27.0,0.0,,280.0,24.0,,998.0,,3.0,0
2025-01-29 20:00:00,9.0,-5.6,35.0,0.0,,290.0,30.0,,1000.0,,3.0,0
2025-01-29 21:00:00,8.0,-6.2,36.0,0.0,,280.0,22.0,,1001.0,,2.0,0
2025-01-29 22:00:00,7.0,-5.3,41.0,0.0,,290.0,17.0,,1003.0,,1.0,0
2025-01-29 23:00:00,7.0,-8.6,32.0,0.0,,280.0,22.0,,1004.0,,2.0,0
2025-01-30 00:00:00,4.0,-9.4,37.0,0.0,,310.0,20.0,,1006.0,,3.0,0
2025-01-30 01:00:00,3.0,-9.6,39.0,0.0,,290.0,17.0,,1008.0,,3.0,0
2025-01-30 02:00:00,3.0,-10.3,37.0,0.1,,300.0,20.0,,1010.0,,14.0,0
2025-01-30 03:00:00,1.0,-10.2,43.0,0.0,,328.0,13.7,,1011.0,,2.0,0
2025-01-30 04:00:00,0.0,-11.1,43.0,0.0,,300.0,22.0,,1013.0,,3.0,0
2025-01-30 05:00:00,-1.0,-12.0,43.0,0.0,,302.0,18.4,,1014.0,,2.0,0
2025-01-30 06:00:00,-1.0,-13.2,39.0,0.0,,310.0,15.0,,1016.0,,1.0,0
2025-01-30 07:00:00,-2.0,-14.7,37.0,0.0,,300.0,19.0,,1017.0,,1.0,0
2025-01-30 08:00:00,-3.0,-15.6,37.0,0.0,,300.0,17.0,,1018.0,,1.0,0
2025-01-30 09:00:00,-3.0,-15.6,37.0,0.0,,300.0,20.0,,1019.0,,1.0,0
2025-01-30 10:00:00,-3.0,-15.6,37.0,0.0,,290.0,13.0,,1020.0,,1.0,0
2025-01-30 11:00:00,-4.0,-15.6,40.0,0.0,,306.0,13.0,,1022.0,,1.0,0
2025-01-30 12:00:00,-4.0,-15.6,40.0,0.0,,310.0,13.0,,1024.0,,1.0,0
2025-01-30 13:00:00,-3.0,-15.3,38.0,0.0,,310.0,17.0,,1024.0,,1.0,0
2025-01-30 14:00:00,-3.0,-15.6,37.0,0.0,,300.0,13.0,,1025.0,,1.0,0
2025-01-30 15:00:00,-2.0,-15.1,36.0,0.0,,287.0,11.0,,1025.0,,1.0,0
2025-01-30 16:00:00,-1.0,-14.9,34.0,0.0,,275.0,9.0,,1026.0,,1.0,0
2025-01-30 17:00:00,1.0,-13.8,32.0,0.0,,260.0,11.0,,1025.0,,1.0,0
2025-01-30 18:00:00,1.0,-14.6,30.0,0.0,,280.0,13.0,,1024.0,,1.0,0
2025-01-30 19:00:00,2.0,-13.7,30.0,0.0,,250.0,11.0,,1024.0,,1.0,0
2025-01-30 20:00:00,2.0,-14.2,29.0,0.0,,239.0,6.0,,1024.0,,2.0,0
2025-01-30 21:00:00,2.0,-13.0,32.0,0.0,,218.0,11.2,,1025.0,,1.0,0
2025-01-30 22:00:00,2.0,-12.6,33.0,0.0,,196.0,7.6,,1025.0,,2.0,0
2025-01-30 23:00:00,2.0,-13.0,32.0,0.0,,173.0,7.0,,1025.0,,3.0,0
2025-01-31 00:00:00,2.0,-12.2,34.0,0.0,,176.0,7.9,,1024.0,,3.0,0
2025-01-31 01:00:00,3.0,-11.0,35.0,0.0,,150.0,7.0,,1024.0,,3.0,0
2025-01-31 02:00:00,2.0,-6.3,54.0,0.0,,169.0,11.2,,1024.0,,3.0,0
2025-01-31 03:00:00,3.0,-4.7,57.0,0.0,,182.0,9.0,,1023.0,,3.0,0
2025-01-31 04:00:00,3.0,-3.6,62.0,0.0,,186.0,11.0,,1022.0,,3.0,0
2025-01-31 05:00:00,4.0,-1.6,67.0,0.0,,170.0,13.0,,1021.0,,3.0,0
2025-01-31 06:00:00,4.0,-1.0,70.0,0.0,,196.0,6.0,,1021.0,,3.0,0
2025-01-31 07:00:00,4.0,-0.4,73.0,0.0,,201.0,9.0,,1020.0,,3.0,0
2025-01-31 08:00:00,3.0,-0.8,76.0,0.0,,216.0,12.2,,1020.0,,3.0,0
2025-01-31 09:00:00,3.0,-0.8,76.0,0.0,,300.0,7.0,,1019.0,,3.0,0
2025-01-31 10:00:00,3.0,0.4,83.0,0.4,,218.0,10.8,,1018.0,,12.0,0
2025-01-31 11:00:00,4.0,1.9,86.0,0.4,,280.0,6.0,,1017.0,,8.0,0
2025-01-31 12:00:00,4.0,1.9,86.0,0.1,,225.0,10.8,,1017.0,,5.0,0
2025-01-31 13:00:00,6.0,3.2,82.0,0.0,,216.0,10.8,,1016.0,,3.0,0
2025-01-31 14:00:00,6.0,3.8,86.0,0.0,,222.0,8.6,,1015.0,,3.0,0
2025-01-31 15:00:00,7.0,4.1,82.0,0.0,,240.0,6.0,,1014.0,,3.0,0
2025-01-31 16:00:00,7.0,3.8,80.0,0.0,,230.0,9.0,,1012.0,,3.0,0
2025-01-31 17:00:00,6.0,3.2,82.0,0.0,,320.0,7.0,,1011.0,,5.0,0
2025-01-31 18:00:00,7.0,3.6,79.0,0.0,,301.0,4.0,,1011.0,,5.0,0
2025-01-31 19:00:00,7.0,4.1,82.0,0.1,,236.0,6.0,,1009.0,,5.0,0
2025-01-31 20:00:00,7.0,4.7,85.0,0.0,,230.0,13.0,,1008.0,,3.0,0
2025-01-31 21:00:00,7.0,4.7,85.0,0.0,,243.0,6.5,,1008.0,,5.0,0
2025-01-31 22:00:00,8.0,5.8,86.0,0.5,,184.0,6.0,,1006.0,,8.0,0
2025-01-31 23:00:00,7.0,5.5,90.0,1.2,,164.0,8.3,,1006.0,,9.0,0
